{
    "rubberduck.jpg": {
        "K": [3630.26229559, 0.0, 1324.14577835, 0.0, 3627.6973661, 659.22160257, 0.0, 0.0, 1.0],
        "nearPlane": 1.0
    }
}
